1.wav,"car right"
10.wav,"right side"
11.wav,"car right"
12.wav,"there's a guy on your right"
13.wav,"right side"
14.wav,"there's a car on your right side"
15.wav,"car right"
16.wav,"right side"
17.wav,"car right"
18.wav,"there's a car right"
19.wav,"right side"
2.wav,"on your right"
20.wav,"car on your right"
3.wav,"there's a guy on your right"
4.wav,"there's a car on your right"
5.wav,"right side"
6.wav,"car on your right"
7.wav,"car on your right side"
8.wav,"car right"
9.wav,"on your right"
