1.wav,"car inside"
10.wav,"you've got a car on your inside"
11.wav,"there's a car inside"
12.wav,"inside"
13.wav,"inside"
14.wav,"car inside"
15.wav,"car inside"
16.wav,"car inside"
17.wav,"car inside"
18.wav,"car inside"
19.wav,"car inside"
2.wav,"car inside"
20.wav,"there's a car on your inside"
21.wav,"car low"
22.wav,"car low"
23.wav,"car low"
24.wav,"on the low side"
25.wav,"car on the low side"
26.wav,"car low"
27.wav,"car low"
28.wav,"car low"
29.wav,"you got a car on the low side"
3.wav,"there's a car inside"
30.wav,"car low"
31.wav,"car low"
32.wav,"there's a car on the low side"
33.wav,"car on your low side"
34.wav,"car low"
35.wav,"car low"
36.wav,"car low"
37.wav,"car low"
38.wav,"car low"
39.wav,"car low"
4.wav,"car inside"
5.wav,"car inside"
6.wav,"car inside"
7.wav,"inside"
8.wav,"there's a car inside"
9.wav,"you've got a car inside"
