1.wav,"on your right"
10.wav,"car on your right"
11.wav,"car right"
12.wav,"he's on your right"
13.wav,"on the right side"
14.wav,"you got a car on your right side"
15.wav,"watch your right"
16.wav,"right side"
17.wav,"right side"
18.wav,"right side"
19.wav,"on the right"
2.wav,"on the right"
20.wav,"on the right"
21.wav,"watch your right"
22.wav,"watch the right side"
3.wav,"watch your right"
4.wav,"right side"
5.wav,"right side"
6.wav,"you got a car on your right"
7.wav,"there's a car on your right"
8.wav,"watch your right side"
